{"accuracy": 0.9462932623387262, "auc": 0.9899922334015628}