{"accuracy": 0.9503379070243703, "auc": 0.9908490379370403}