{"accuracy": 0.9474196190866271, "auc": 0.990110101620001}